product_id,brand,model,price_ngn,price_tier,condition,ram_gb,storage_gb,battery_mah,main_camera_mp,selfie_camera_mp,refresh_rate_hz,display_inches,release_year,processor,five_g,stock,active,price_verified_date,price_source,imputed_any,imputed_fields,ram_gb_imputed,storage_gb_imputed,battery_mah_imputed,main_camera_mp_imputed,selfie_camera_mp_imputed,refresh_rate_hz_imputed,display_inches_imputed,processor_imputed
xiaomi-redmi-13c,Xiaomi,Redmi 13C,98100.0,budget,new,8.0,256.0,5000.0,50.0,8.0,90.0,6.74,2024,MediaTek Helio G85,False,10,True,2026-09-22,mysmartprice.com / gsmarena.com,False,none,False,False,False,False,False,False,False,False
tecno-pop-10c,TECNO,Pop 10C,103000.0,budget,new,2.0,64.0,5000.0,13.0,8.0,90.0,6.6,2025,Unisoc T606,False,10,True,2026-09-22,mobility.com.ng / konga.com,False,none,False,False,False,False,False,False,False,False
tecno-spark-20,TECNO,Spark 20,111300.0,budget,new,8.0,128.0,5000.0,50.0,32.0,90.0,6.56,2023,MediaTek Helio G85,False,10,True,2026-09-22,mobility.com.ng / gsmarena.com,False,none,False,False,False,False,False,False,False,False
tecno-pop-10,TECNO,Pop 10,116000.0,budget,new,3.0,64.0,5000.0,13.0,8.0,120.0,6.67,2025,Unisoc T7250,False,10,True,2026-09-22,mobility.com.ng / slot.ng,False,none,False,False,False,False,False,False,False,False
tecno-spark-40c,TECNO,Spark 40C,120500.0,budget,new,4.0,128.0,5000.0,50.0,8.0,90.0,6.6,2025,MediaTek Helio G85,False,10,True,2026-09-22,mobility.com.ng / slot.ng,False,none,False,False,False,False,False,False,False,False
itel-a200-plus,itel,A200+,127100.0,budget,new,3.0,64.0,6000.0,13.0,5.0,120.0,6.75,2026,Unisoc T7250,False,10,True,2026-09-22,mobility.com.ng,False,none,False,False,False,False,False,False,False,False
tecno-pop-10-pro,TECNO,Pop 10 Pro,127900.0,budget,new,4.0,128.0,6000.0,13.0,8.0,90.0,6.6,2025,MediaTek Helio G81,False,10,True,2026-09-22,mobility.com.ng,False,none,False,False,False,False,False,False,False,False
samsung-galaxy-a07,Samsung,Galaxy A07,135489.0,budget,new,4.0,64.0,5000.0,50.0,8.0,90.0,6.7,2026,MediaTek Helio G99,False,10,True,2026-05-27,techcabal.com,False,none,False,False,False,False,False,False,False,False
tecno-spark-30c,TECNO,Spark 30C,139000.0,budget,new,4.0,128.0,5000.0,50.0,8.0,90.0,6.6,2024,MediaTek Helio G36,False,10,True,2026-09-22,mobility.com.ng,False,none,False,False,False,False,False,False,False,False
tecno-spark-40,TECNO,Spark 40,143000.0,budget,new,4.0,128.0,5000.0,50.0,8.0,120.0,6.6,2025,MediaTek Helio G81,False,10,True,2026-09-22,smartprix.com,True,display_inches,False,False,False,False,False,False,True,False
itel-power-70,itel,Power 70,145000.0,budget,new,4.0,128.0,6000.0,13.0,8.0,120.0,6.75,2025,Unisoc T7250,False,10,True,2026-09-22,mobility.com.ng,True,"refresh_rate_hz,display_inches,processor",False,False,False,False,False,True,True,True
samsung-galaxy-a06,Samsung,Galaxy A06,146005.0,budget,new,4.0,128.0,5000.0,50.0,8.0,90.0,6.7,2026,MediaTek Helio G85,False,10,True,2026-05-27,techcabal.com,False,none,False,False,False,False,False,False,False,False
xiaomi-redmi-14c,Xiaomi,Redmi 14C,146600.0,budget,new,6.0,128.0,5160.0,50.0,13.0,120.0,6.88,2025,MediaTek Helio G81 Ultra,False,10,True,2026-05-27,techcabal.com,False,none,False,False,False,False,False,False,False,False
xiaomi-redmi-a7-pro,Xiaomi,Redmi A7 Pro,149900.0,budget,new,4.0,128.0,6000.0,32.0,5.0,120.0,6.9,2026,Unisoc T7250,False,10,True,2026-05-27,smartprix.com,False,none,False,False,False,False,False,False,False,False
oppo-a3x-4g,OPPO,A3X 4G,150000.0,entry,new,4.0,128.0,5100.0,32.0,8.0,120.0,6.67,2024,Qualcomm Snapdragon 680,False,10,True,2026-09-22,gsmarena.com,True,refresh_rate_hz,False,False,False,False,False,True,False,False
xiaomi-redmi-15c,Xiaomi,Redmi 15C,153404.0,entry,new,4.0,128.0,6000.0,50.0,8.0,120.0,6.9,2026,MediaTek Helio G81 Ultra-class,False,10,True,2026-05-27,techcabal.com,False,none,False,False,False,False,False,False,False,False
itel-city-200,itel,City 200,154100.0,entry,new,4.0,128.0,5200.0,50.0,32.0,120.0,6.78,2026,Unisoc T7250,False,10,True,2026-09-22,mobility.com.ng,True,"main_camera_mp,selfie_camera_mp",False,False,False,True,True,False,False,False
tecno-spark-50-4g,TECNO,Spark 50 4G,190000.0,entry,new,4.0,128.0,6700.0,50.0,8.0,120.0,6.78,2026,MediaTek Helio G81,False,10,True,2026-09-22,mobility.com.ng / smartprix.com,False,none,False,False,False,False,False,False,False,False
itel-super-26-ultra,itel,Super 26 Ultra,227700.0,entry,new,8.0,128.0,6000.0,50.0,32.0,144.0,6.78,2025,Unisoc T7300,False,10,True,2026-09-22,mobility.com.ng,False,none,False,False,False,False,False,False,False,False
tecno-spark-40-pro,TECNO,Spark 40 Pro,232350.0,entry,new,8.0,128.0,5000.0,50.0,13.0,120.0,6.78,2025,MediaTek Helio G100,False,10,True,2026-09-22,telset.id / startech.com.bd,True,display_inches,False,False,False,False,False,False,True,False
tecno-spark-30-pro,TECNO,Spark 30 Pro,247000.0,entry,new,8.0,128.0,5000.0,50.0,32.0,120.0,6.78,2024,MediaTek Helio G100,False,10,True,2026-09-22,mobility.com.ng,True,processor,False,False,False,False,False,False,False,True
tecno-spark-40-pro-plus,TECNO,Spark 40 Pro+,273300.0,entry,new,8.0,256.0,5200.0,50.0,13.0,144.0,6.78,2025,MediaTek Helio G200,False,10,True,2026-09-22,telset.id / startech.com.bd,False,none,False,False,False,False,False,False,False,False
tecno-camon-40,TECNO,Camon 40,286000.0,entry,new,8.0,128.0,5200.0,50.0,32.0,120.0,6.78,2025,MediaTek Helio G100,False,10,True,2026-09-22,gsmarena.com,False,none,False,False,False,False,False,False,False,False
tecno-camon-50-4g,TECNO,Camon 50 4G,340500.0,mid,new,8.0,256.0,6150.0,50.0,32.0,144.0,6.78,2026,MediaTek Helio G200 Ultimate,False,10,True,2026-09-22,mobility.com.ng,False,none,False,False,False,False,False,False,False,False
tecno-spark-slim,TECNO,Spark Slim,355000.0,mid,new,8.0,128.0,5160.0,50.0,13.0,144.0,6.78,2025,MediaTek Dimensity 6300,False,10,True,2026-09-22,gsmarena.com / smartprix.com,True,"refresh_rate_hz,display_inches",False,False,False,False,False,True,True,False
tecno-camon-40-pro,TECNO,Camon 40 Pro,370000.0,mid,new,8.0,256.0,5200.0,50.0,50.0,120.0,6.78,2025,MediaTek Helio G100,False,10,True,2026-09-22,gsmarena.com,False,none,False,False,False,False,False,False,False,False
tecno-camon-50-pro-4g,TECNO,Camon 50 Pro 4G,370000.0,mid,new,8.0,256.0,6150.0,50.0,32.0,144.0,6.78,2026,MediaTek Helio G200 Ultimate,False,10,True,2026-09-22,mobility.com.ng,False,none,False,False,False,False,False,False,False,False
tecno-camon-40-pro-5g,TECNO,Camon 40 Pro 5G,400000.0,mid,new,8.0,256.0,5200.0,50.0,50.0,144.0,6.78,2025,MediaTek Dimensity 7300,True,10,True,2026-09-22,gsmarena.com / telset.id,False,none,False,False,False,False,False,False,False,False
apple-iphone-se-2022,Apple iPhone,SE 2022,460000.0,mid,new,8.0,64.0,5050.0,12.0,12.0,60.0,4.7,2022,Apple A15 Bionic,True,10,True,2026-04-01,blog.slot.ng,True,"ram_gb,battery_mah,selfie_camera_mp",True,False,True,False,True,False,False,False
samsung-galaxy-a36-5g,Samsung,Galaxy A36 5G,460000.0,mid,new,8.0,128.0,5000.0,50.0,12.0,120.0,6.7,2025,Qualcomm Snapdragon 6 Gen 3,True,10,True,2026-09-22,gsmarena.com,False,none,False,False,False,False,False,False,False,False
infinix-note-60-pro,Infinix,Note 60 Pro,499000.0,mid,new,8.0,128.0,6500.0,50.0,13.0,144.0,6.78,2025,Qualcomm Snapdragon 7s Gen 4,False,10,True,2026-09-22,mobility.com.ng (lower-storage 4G variant of Note 60 Pro 5G),False,none,False,False,False,False,False,False,False,False
infinix-note-60-pro-5g,Infinix,Note 60 Pro 5G,556000.0,upper,new,8.0,256.0,6500.0,50.0,13.0,144.0,6.78,2026,Qualcomm Snapdragon 7s Gen 4,True,10,True,2026-09-22,mobility.com.ng / smartprix.com,False,none,False,False,False,False,False,False,False,False
samsung-galaxy-a56-5g,Samsung,Galaxy A56 5G,577000.0,upper,new,8.0,128.0,5000.0,50.0,12.0,120.0,6.7,2025,Samsung Exynos 1580,True,10,True,2026-09-22,mobility.com.ng,False,none,False,False,False,False,False,False,False,False
oppo-reno13-f-5g,OPPO,Reno13 F 5G,599900.0,upper,new,12.0,256.0,5800.0,50.0,32.0,120.0,6.67,2025,Qualcomm Snapdragon 6 Gen 1,True,10,True,2026-09-22,oppostore.pe official specs,False,none,False,False,False,False,False,False,False,False
samsung-galaxy-a57,Samsung,Galaxy A57,675000.0,upper,new,8.0,128.0,5000.0,50.0,12.0,120.0,6.7,2026,Samsung Exynos 1680,True,10,True,2026-09-22,mobility.com.ng,False,none,False,False,False,False,False,False,False,False
samsung-galaxy-a37,Samsung,Galaxy A37,677300.0,upper,new,6.0,128.0,5000.0,50.0,12.0,120.0,6.7,2026,Samsung Exynos 1480,True,10,True,2026-09-22,mobility.com.ng,False,none,False,False,False,False,False,False,False,False
apple-iphone-12,Apple iPhone,12,690000.0,upper,new,8.0,128.0,5050.0,12.0,12.0,60.0,6.1,2020,Apple A14 Bionic,True,10,True,2026-04-01,blog.slot.ng,True,"ram_gb,battery_mah,selfie_camera_mp",True,False,True,False,True,False,False,False
tecno-camon-40-premier,TECNO,Camon 40 Premier,695000.0,upper,new,12.0,256.0,5100.0,50.0,50.0,120.0,6.67,2025,MediaTek Dimensity 8350,True,10,True,2026-09-22,gsmarena.com / slot.ng,False,none,False,False,False,False,False,False,False,False
apple-iphone-13,Apple iPhone,13,725000.0,upper,new,8.0,128.0,5050.0,12.0,12.0,60.0,6.1,2021,Apple A15 Bionic,True,10,True,2026-04-01,blog.slot.ng,True,"ram_gb,battery_mah,selfie_camera_mp",True,False,True,False,True,False,False,False
google-pixel-10a,Google Pixel,10a,750000.0,upper,new,8.0,128.0,5100.0,48.0,13.0,120.0,6.3,2026,Google Tensor G4,True,10,True,2026-09-22,mobility.com.ng (gray-market import),False,none,False,False,False,False,False,False,False,False
apple-iphone-17,Apple iPhone,17,800000.0,upper,new,8.0,128.0,5050.0,48.0,12.0,60.0,6.3,2026,Apple A19,True,10,True,2026-09-22,marcotran.com,True,"ram_gb,battery_mah,selfie_camera_mp",True,False,True,False,True,False,False,False
oppo-reno13-5g,OPPO,Reno13 5G,843900.0,upper,new,12.0,256.0,5600.0,50.0,50.0,120.0,6.59,2025,MediaTek Dimensity 8350,True,10,True,2026-09-22,oppo.com official specs,False,none,False,False,False,False,False,False,False,False
apple-iphone-13-pro,Apple iPhone,13 Pro,875000.0,upper,new,8.0,128.0,5050.0,12.0,12.0,120.0,6.1,2021,Apple A15 Bionic,True,10,True,2026-04-01,blog.slot.ng,True,"ram_gb,battery_mah,selfie_camera_mp",True,False,True,False,True,False,False,False
apple-iphone-17-plus,Apple iPhone,17 Plus,900000.0,upper,new,8.0,128.0,5050.0,48.0,12.0,60.0,6.3,2026,Apple A19,True,10,True,2026-09-22,marcotran.com,True,"ram_gb,battery_mah,selfie_camera_mp",True,False,True,False,True,False,False,False
apple-iphone-14,Apple iPhone,14,925000.0,upper,new,8.0,128.0,5050.0,12.0,12.0,60.0,6.1,2022,Apple A15 Bionic,True,10,True,2026-04-01,blog.slot.ng,True,"ram_gb,battery_mah,selfie_camera_mp",True,False,True,False,True,False,False,False
samsung-galaxy-s25,Samsung,Galaxy S25,975000.0,upper,new,8.0,128.0,4000.0,50.0,12.0,120.0,6.7,2025,Snapdragon 8 Elite,True,10,True,2026-09-22,mobility.com.ng,True,"ram_gb,storage_gb,main_camera_mp,selfie_camera_mp,display_inches",True,True,False,True,True,False,True,False
tecno-phantom-v-flip-2-5g,TECNO,Phantom V Flip 2 5G,979800.0,upper,new,8.0,256.0,4720.0,50.0,32.0,120.0,6.9,2025,MediaTek Dimensity 8020,True,10,True,2026-09-22,smartprix.com,False,none,False,False,False,False,False,False,False,False
apple-iphone-17-pro,Apple iPhone,17 Pro,1150000.0,flagship,new,8.0,128.0,5050.0,48.0,12.0,120.0,6.3,2026,Apple A19 Pro,True,10,True,2026-09-22,marcotran.com,True,"ram_gb,battery_mah,selfie_camera_mp",True,False,True,False,True,False,False,False
apple-iphone-15,Apple iPhone,15,1225000.0,flagship,new,8.0,128.0,5050.0,48.0,12.0,60.0,6.1,2023,Apple A16 Bionic,True,10,True,2026-04-01,blog.slot.ng,True,"ram_gb,battery_mah,selfie_camera_mp",True,False,True,False,True,False,False,False
apple-iphone-14-pro,Apple iPhone,14 Pro,1275000.0,flagship,new,8.0,128.0,5050.0,48.0,12.0,120.0,6.1,2022,Apple A16 Bionic,True,10,True,2026-04-01,blog.slot.ng,True,"ram_gb,battery_mah,selfie_camera_mp",True,False,True,False,True,False,False,False
samsung-galaxy-s25-plus,Samsung,Galaxy S25+,1335000.0,flagship,new,12.0,256.0,4900.0,50.0,12.0,120.0,6.800000000000001,2025,Snapdragon 8 Elite,True,10,True,2026-09-22,mobility.com.ng (well-documented public specs),True,display_inches,False,False,False,False,False,False,True,False
apple-iphone-15-plus,Apple iPhone,15 Plus,1425000.0,flagship,new,8.0,128.0,5050.0,48.0,12.0,60.0,6.7,2023,Apple A16 Bionic,True,10,True,2026-04-01,blog.slot.ng,True,"ram_gb,battery_mah,selfie_camera_mp",True,False,True,False,True,False,False,False
samsung-galaxy-s26,Samsung,Galaxy S26,1449600.0,flagship,new,12.0,256.0,4300.0,50.0,12.0,120.0,6.3,2026,Qualcomm Snapdragon 8 Elite Gen 5,True,10,True,2026-09-22,mobility.com.ng,False,none,False,False,False,False,False,False,False,False
apple-iphone-14-pro-max,Apple iPhone,14 Pro Max,1475000.0,flagship,new,8.0,128.0,5050.0,48.0,12.0,120.0,6.7,2022,Apple A16 Bionic,True,10,True,2026-04-01,blog.slot.ng,True,"ram_gb,battery_mah,selfie_camera_mp",True,False,True,False,True,False,False,False
apple-iphone-17-pro-max,Apple iPhone,17 Pro Max,1500000.0,flagship,new,8.0,128.0,5050.0,48.0,12.0,120.0,6.9,2026,Apple A19 Pro,True,10,True,2026-09-22,marcotran.com,True,"ram_gb,battery_mah,selfie_camera_mp",True,False,True,False,True,False,False,False
tecno-phantom-v-fold-2-5g,TECNO,Phantom V Fold 2 5G,1673800.0,flagship,new,12.0,512.0,5750.0,50.0,32.0,120.0,7.85,2025,MediaTek Dimensity 9000+,True,10,True,2026-09-22,mobility.com.ng,False,none,False,False,False,False,False,False,False,False
samsung-galaxy-s26-plus,Samsung,Galaxy S26+,1700000.0,flagship,new,12.0,256.0,4900.0,50.0,12.0,120.0,6.7,2026,Qualcomm Snapdragon 8 Elite Gen 5,True,10,True,2026-09-22,mobility.com.ng,False,none,False,False,False,False,False,False,False,False
apple-iphone-15-pro,Apple iPhone,15 Pro,1850000.0,flagship,new,8.0,128.0,5050.0,48.0,12.0,120.0,6.1,2023,Apple A17 Pro,True,10,True,2026-04-01,blog.slot.ng,True,"ram_gb,battery_mah,selfie_camera_mp",True,False,True,False,True,False,False,False
samsung-galaxy-s25-ultra,Samsung,Galaxy S25 Ultra,1852000.0,flagship,new,12.0,256.0,5000.0,200.0,12.0,120.0,6.9,2025,Snapdragon 8 Elite,True,10,True,2026-09-22,mobility.com.ng,False,none,False,False,False,False,False,False,False,False
google-pixel-10,Google Pixel,10,1900000.0,flagship,new,12.0,256.0,4970.0,50.0,42.0,120.0,6.3,2026,Google Tensor G5,True,10,True,2026-09-22,chert.ng (gray-market import),True,"main_camera_mp,selfie_camera_mp",False,False,False,True,True,False,False,False
samsung-galaxy-s26-ultra,Samsung,Galaxy S26 Ultra,1948500.0,flagship,new,12.0,256.0,5000.0,200.0,12.0,120.0,6.9,2026,Qualcomm Snapdragon 8 Elite Gen 5,True,10,True,2026-09-22,mobility.com.ng,False,none,False,False,False,False,False,False,False,False
apple-iphone-15-pro-max,Apple iPhone,15 Pro Max,2250000.0,flagship,new,8.0,256.0,5050.0,48.0,12.0,120.0,6.7,2023,Apple A17 Pro,True,10,True,2026-04-01,blog.slot.ng,True,"ram_gb,battery_mah,selfie_camera_mp",True,False,True,False,True,False,False,False
google-pixel-10-pro,Google Pixel,10 Pro,2868608.0,flagship,new,16.0,256.0,4870.0,50.0,42.0,120.0,6.3,2026,Google Tensor G5,True,10,True,2026-09-22,chert.ng (gray-market import),False,none,False,False,False,False,False,False,False,False
